{"frontline":[],"geos":[],"unit_count":{"ru":236,"ua":143},"units":{"ru":[[1,[42.0382563,55.5758458]],[2,[38.2237462,55.5701147]],[3,[29.0695849,58.2151586]],[4,[38.7194322,49.3760334]],[5,[38.1888675,49.5355328]],[6,[113.0234042,51.565291]],[7,[38.198583,49.1527999]],[8,[38.3213946,49.1213782]],[9,[37.3657634,55.9859528]],[10,[38.1968126,49.4526326]],[11,[37.9812306,50.2008862]],[12,[29.7410891,59.9142846]],[13,[37.954221,55.2310793]],[14,[91.413917,53.7130842]],[15,[136.9634643,50.5673149]],[16,[20.9327457,54.8826851]],[17,[32.9222618,46.4856074]],[18,[131.912907,43.8212695]],[19,[37.7822984,56.1785075]],[20,[38.6272315,49.0994731]],[21,[92.8846394,56.0106989]],[22,[33.2026585,46.5519904]],[23,[55.9318516,54.7336869]],[24,[60.3745159,54.9847992]],[25,[37.5700763,47.8573642]],[26,[135.7152937,48.7327233]],[27,[41.4226361,52.6559177]],[28,[38.2073878,49.3204406]],[29,[37.2861954,53.7085335]],[30,[41.4363843,52.7048456]],[31,[61.9215929,56.4459805]],[32,[135.0736009,48.5591158]],[33,[20.453061,54.51546]],[34,[135.1740978,48.5240444]],[35,[60.692225,56.8541943]],[36,[113.0274968,51.5511766]],[37,[35.6176299,47.4667644]],[38,[131.9365962,43.8021929]],[39,[32.7169646,46.4991578]],[40,[38.7153523,49.3118578]],[41,[38.7074971,49.2358467]],[42,[60.2030169,55.487335]],[43,[131.6581449,44.3355329]],[44,[136.9672409,50.5819233]],[45,[37.8732828,49.8841361]],[46,[19.9771038,54.9491224]],[47,[33.1177498,46.720701]],[48,[113.4177157,52.0795486]],[49,[29.8520289,58.7530465]],[50,[38.0627683,49.5608544]],[51,[47.1906957,52.1154784]],[52,[60.3963169,54.9846022]],[52,[50.2700403,53.5076449]],[53,[60.4601388,56.838047]],[54,[38.2317542,49.2234111]],[55,[38.7965556,48.8767619]],[56,[33.5622749,46.6210474]],[57,[39.1340168,51.6611925]],[58,[33.1352822,46.5517951]],[59,[38.3733577,48.7311982]],[60,[128.457062,50.9249374]],[61,[37.3885205,47.7409272]],[62,[38.0529703,50.2969706]],[63,[38.0147502,49.7657913]],[64,[37.9922684,55.8608128]],[65,[55.0904177,51.7653153]],[66,[37.1109257,47.6677894]],[67,[82.8354218,55.0133694]],[68,[131.9459065,43.1112815]],[69,[36.6366509,47.5646921]],[70,[60.659266,56.7997161]],[71,[20.0526264,54.8034621]],[72,[37.5042591,55.6470876]],[73,[37.1893798,55.794106]],[74,[41.4205886,52.7379089]],[75,[33.0702385,46.5315495]],[76,[42.005469,55.5728858]],[77,[38.1050332,49.4127697]],[78,[73.3362263,54.9857104]],[79,[31.8980155,54.8078935]],[80,[128.1183079,51.3760928]],[81,[158.3607457,53.1937683]],[82,[60.5514626,56.8695841]],[83,[38.1891338,49.3781385]],[84,[37.9167818,48.1903498]],[85,[33.5719441,46.567417]],[86,[32.8179068,46.5005515]],[87,[131.491443,43.1936293]],[88,[36.884253,47.7385889]],[89,[36.006009,47.1936411]],[90,[131.9493381,43.1436051]],[91,[38.3711138,48.991884]],[92,[50.145892,53.1908834]],[93,[33.4757574,46.5741383]],[94,[35.9007997,56.8539203]],[95,[33.1847879,46.7470803]],[96,[29.5841325,46.8766338]],[97,[39.2329116,51.6723023]],[98,[33.215541,46.6369305]],[99,[38.5104859,49.4685687]],[100,[131.9067661,43.1305776]],[101,[33.2983106,46.5598045]],[102,[131.9293865,43.8314247]],[103,[113.466811,52.0506332]],[104,[128.5305329,50.9036163]],[105,[107.5087589,51.8571464]],[106,[135.0914542,48.4913567]],[107,[113.4499882,52.0632993]],[108,[45.0873268,60.2072086]],[109,[38.1080778,48.5480787]],[110,[84.9085925,55.715675]],[111,[133.736485,45.9323812]],[112,[132.9256734,48.7901492]],[113,[41.3637484,56.8502181]],[114,[29.631511,46.8583242]],[115,[135.0337768,48.5227463]],[116,[33.3404457,46.6185961]],[117,[32.6667347,46.4479197]],[118,[33.0056347,46.5438475]],[119,[142.7246047,46.961626]],[120,[38.1210042,50.2231152]],[121,[113.137038,51.9092455]],[122,[38.2597543,49.0423307]],[123,[37.0876557,47.5844521]],[124,[39.4927375,50.9871073]],[125,[21.7775468,54.602992]],[126,[37.2219152,47.7424951]],[127,[60.5926614,56.8316612]],[128,[113.0506985,51.5549404]],[129,[37.9266298,49.82814]],[130,[68.7314859,38.5051603]],[131,[36.723661,55.3868547]],[132,[33.4171331,46.6117639]],[133,[33.1059557,46.497858]],[134,[38.2283579,48.1780511]],[135,[38.5107731,49.6075716]],[136,[37.8507561,48.0357957]],[137,[20.4906225,54.7315245]],[138,[128.5128519,50.9172543]],[139,[43.0630298,56.336921]],[140,[32.907373,46.5545858]],[141,[36.247058,47.4809123]],[142,[131.9523891,43.8128469]],[143,[142.7441257,46.7612207]],[144,[142.7430958,46.7597508]],[145,[44.5094541,48.7436063]],[146,[36.8787984,47.5556297]],[147,[55.0942799,51.82666]],[148,[142.7321578,46.9925464]],[149,[32.5380442,46.4661343]],[150,[38.4549187,49.3163593]],[151,[158.5966184,53.0561299]],[152,[142.7349044,46.9316254]],[153,[142.7426237,46.7577221]],[154,[119.8678725,51.3356442]],[155,[142.6916457,46.9789624]],[156,[38.0747878,48.5670324]],[157,[37.8467845,48.1019282]],[158,[37.7154111,47.8012194]],[159,[37.9997136,48.3892469]],[160,[37.967279,48.0652504]],[161,[37.9792659,48.2737436]],[162,[37.5921958,47.1350587]],[163,[37.6696943,48.0651887]],[164,[37.856015,48.1559176]],[165,[37.8316329,48.0020267]],[166,[37.6268371,48.0434377]],[167,[37.5806268,47.9108102]],[168,[37.7344608,47.9772611]],[169,[37.8388444,48.0791163]],[170,[33.3428757,46.5234553]],[171,[33.1675574,46.5145292]],[172,[33.1984371,46.6017362]],[173,[37.7326222,48.0826457]],[174,[37.682282,48.0806024]],[175,[37.4985486,47.73182]],[176,[38.3630947,48.6239005]],[177,[38.2940096,48.7780333]],[178,[38.1157181,48.653714]],[179,[38.507768,48.7821721]],[180,[38.3260639,49.0683266]],[181,[135.1113671,48.4458297]],[182,[48.375908,53.1470429]],[183,[34.4073867,53.2632291]],[184,[39.6938805,54.6065092]],[185,[41.9355687,44.6408255]],[186,[39.8931308,59.2158705]],[187,[38.964715,45.0401613]],[188,[47.1520276,52.1029326]],[189,[49.6964109,52.968312]],[190,[33.5171709,44.5915038]],[191,[29.9529903,60.7145758]],[192,[47.2100934,52.1200636]],[193,[83.1273634,52.8055685]],[194,[133.3895855,45.4647008]],[195,[38.975152,45.0800725]],[196,[42.7924642,56.2971043]],[197,[108.0371257,51.9149529]],[198,[36.2453042,51.7486057]],[199,[45.3901816,50.0752671]],[200,[43.639202,47.9728182]],[201,[44.9841069,43.3076204]],[202,[131.773883,43.4593526]],[203,[30.2144709,60.1290046]],[204,[39.1587539,51.7038027]],[205,[44.6599963,43.0306037]],[206,[82.2051779,55.0209133]],[207,[37.5915171,55.8871396]],[82,[36.952098,55.5182783]],[208,[38.8270487,44.8906961]],[209,[107.6072377,51.8442151]],[210,[131.9836315,43.807644]],[211,[50.2269162,53.229949]],[212,[30.2924255,59.9274992]],[213,[113.5128163,52.024234]],[214,[135.2026958,48.4476506]],[215,[30.2793497,60.2203374]],[216,[81.443994,51.2938157]],[217,[39.8667263,47.2642132]],[218,[40.0974865,47.4108642]],[219,[30.473377,59.9375118]],[220,[43.4429619,56.2380392]],[221,[43.8640917,56.3496504]],[222,[30.3090942,60.3170695]],[223,[33.0196734,46.5004048]],[224,[32.9442098,46.6800765]],[225,[38.4532847,48.9279339]],[226,[33.1253584,46.6896675]],[227,[38.3229689,48.8972206]],[228,[38.31617,48.9195603]],[229,[38.3956064,48.8906747]],[230,[38.3136641,49.024273]],[231,[38.2862016,48.9882365]],[232,[37.5663638,47.8998107]],[233,[34.4542132,47.4747311]],[234,[34.3855494,47.431086]]],