{"frontline":[],"geos":[],"unit_count":{"ru":236,"ua":143},"units":{"ru":[[1,[42.0382563,55.5758458]],[2,[38.2237462,55.5701147]],[3,[29.0695849,58.2151586]],[4,[38.7194322,49.3760334]],[5,[38.1888675,49.5355328]],[6,[113.0234042,51.565291]],[7,[38.198583,49.1527999]],[8,[38.3213946,49.1213782]],[9,[37.3657634,55.9859528]],[10,[38.1968126,49.4526326]],[11,[37.9812306,50.2008862]],[12,[29.7410891,59.9142846]],[13,[37.954221,55.2310793]],[14,[91.413917,53.7130842]],[15,[136.9634643,50.5673149]],[16,[20.9327457,54.8826851]],[17,[32.9222618,46.4856074]],[18,[131.912907,43.8212695]],[19,[37.7822984,56.1785075]],[20,[38.6272315,49.0994731]],[21,[92.8846394,56.0106989]],[22,[33.2026585,46.5519904]],[23,[55.9318516,54.7336869]],[24,[60.3745159,54.9847992]],[25,[37.5700763,47.8573642]],[26,[135.7152937,48.7327233]],[27,[41.4226361,52.6559177]],[28,[38.2073878,49.3204406]],[29,[37.2861954,53.7085335]],[30,[41.4363843,52.7048456]],[31,[61.9215929,56.4459805]],[32,[135.0736009,48.5591158]],[33,[20.453061,54.51546]],[34,[135.1740978,48.5240444]],[35,[60.692225,56.8541943]],[36,[113.0274968,51.5511766]],[37,[35.6176299,47.4667644]],[38,[131.9365962,43.8021929]],[39,[32.7169646,46.4991578]],[40,[38.7153523,49.3118578]],[41,[38.7074971,49.2358467]],[42,[60.2030169,55.487335]],[43,[131.6581449,44.3355329]],[44,[136.9672409,50.5819233]],[45,[37.8732828,49.8841361]],[46,[19.9771038,54.9491224]],[368,[33.1177498,46.720701]],[47,[113.4177157,52.0795486]],[48,[29.8520289,58.7530465]],[49,[38.0627683,49.5608544]],[50,[47.1906957,52.1154784]],[51,[60.3963169,54.9846022]],[51,[50.2700403,53.5076449]],[52,[60.4601388,56.838047]],[53,[38.2317542,49.2234111]],[54,[38.7965556,48.8767619]],[55,[33.5622749,46.6210474]],[56,[39.1340168,51.6611925]],[57,[33.1352822,46.5517951]],[58,[38.3733577,48.7311982]],[59,[128.457062,50.9249374]],[60,[37.3885205,47.7409272]],[61,[38.0529703,50.2969706]],[62,[38.0147502,49.7657913]],[63,[37.9922684,55.8608128]],[64,[55.0904177,51.7653153]],[65,[37.1109257,47.6677894]],[66,[82.8354218,55.0133694]],[67,[131.9459065,43.1112815]],[68,[36.6366509,47.5646921]],[69,[60.659266,56.7997161]],[70,[20.0526264,54.8034621]],[71,[37.5042591,55.6470876]],[72,[37.1893798,55.794106]],[73,[41.4205886,52.7379089]],[74,[33.0702385,46.5315495]],[75,[42.005469,55.5728858]],[76,[38.1050332,49.4127697]],[77,[73.3362263,54.9857104]],[78,[31.8980155,54.8078935]],[79,[128.1183079,51.3760928]],[80,[158.3607457,53.1937683]],[81,[60.5514626,56.8695841]],[82,[38.1891338,49.3781385]],[83,[37.9167818,48.1903498]],[84,[33.5719441,46.567417]],[85,[32.8179068,46.5005515]],[86,[131.491443,43.1936293]],[87,[36.884253,47.7385889]],[88,[36.006009,47.1936411]],[89,[131.9493381,43.1436051]],[90,[38.3711138,48.991884]],[91,[50.145892,53.1908834]],[92,[33.4757574,46.5741383]],[93,[35.9007997,56.8539203]],[369,[33.1847879,46.7470803]],[95,[29.5841325,46.8766338]],[96,[39.2329116,51.6723023]],[97,[33.215541,46.6369305]],[98,[38.5104859,49.4685687]],[99,[131.9067661,43.1305776]],[100,[33.2983106,46.5598045]],[101,[131.9293865,43.8314247]],[102,[113.466811,52.0506332]],[103,[128.5305329,50.9036163]],[104,[107.5087589,51.8571464]],[105,[135.0914542,48.4913567]],[106,[113.4499882,52.0632993]],[107,[45.0873268,60.2072086]],[108,[38.1080778,48.5480787]],[109,[84.9085925,55.715675]],[110,[133.736485,45.9323812]],[111,[132.9256734,48.7901492]],[112,[41.3637484,56.8502181]],[113,[29.631511,46.8583242]],[114,[135.0337768,48.5227463]],[115,[33.3404457,46.6185961]],[116,[32.6667347,46.4479197]],[117,[33.0056347,46.5438475]],[118,[142.7246047,46.961626]],[119,[38.1210042,50.2231152]],[120,[113.137038,51.9092455]],[121,[38.2597543,49.0423307]],[122,[37.0876557,47.5844521]],[123,[39.4927375,50.9871073]],[124,[21.7775468,54.602992]],[125,[37.2219152,47.7424951]],[126,[60.5926614,56.8316612]],[127,[113.0506985,51.5549404]],[128,[37.9266298,49.82814]],[129,[68.7314859,38.5051603]],[130,[36.723661,55.3868547]],[131,[33.4171331,46.6117639]],[132,[33.1059557,46.497858]],[133,[38.2283579,48.1780511]],[134,[38.5107731,49.6075716]],[135,[37.8507561,48.0357957]],[136,[20.4906225,54.7315245]],[137,[128.5128519,50.9172543]],[138,[43.0630298,56.336921]],[139,[32.907373,46.5545858]],[140,[36.247058,47.4809123]],[141,[131.9523891,43.8128469]],[142,[142.7441257,46.7612207]],[143,[142.7430958,46.7597508]],[144,[44.5094541,48.7436063]],[145,[36.8787984,47.5556297]],[146,[55.0942799,51.82666]],[147,[142.7321578,46.9925464]],[148,[32.5380442,46.4661343]],[149,[38.4549187,49.3163593]],[150,[158.5966184,53.0561299]],[151,[142.7349044,46.9316254]],[152,[142.7426237,46.7577221]],[153,[119.8678725,51.3356442]],[154,[142.6916457,46.9789624]],[155,[38.0747878,48.5670324]],[156,[37.8467845,48.1019282]],[157,[37.7154111,47.8012194]],[158,[37.9997136,48.3892469]],[159,[37.967279,48.0652504]],[160,[37.9792659,48.2737436]],[161,[37.5921958,47.1350587]],[162,[37.6696943,48.0651887]],[163,[37.856015,48.1559176]],[164,[37.8316329,48.0020267]],[165,[37.6268371,48.0434377]],[166,[37.5806268,47.9108102]],[167,[37.7344608,47.9772611]],[168,[37.8388444,48.0791163]],[169,[33.3428757,46.5234553]],[170,[33.1675574,46.5145292]],[171,[33.1984371,46.6017362]],[172,[37.7326222,48.0826457]],[173,[37.682282,48.0806024]],[174,[37.4985486,47.73182]],[175,[38.3630947,48.6239005]],[176,[38.2940096,48.7780333]],[177,[38.1157181,48.653714]],[178,[38.507768,48.7821721]],[179,[38.3260639,49.0683266]],[180,[135.1113671,48.4458297]],[181,[48.375908,53.1470429]],[182,[34.4073867,53.2632291]],[183,[39.6938805,54.6065092]],[184,[41.9355687,44.6408255]],[185,[39.8931308,59.2158705]],[186,[38.964715,45.0401613]],[187,[47.1520276,52.1029326]],[188,[49.6964109,52.968312]],[189,[33.5171709,44.5915038]],[190,[29.9529903,60.7145758]],[191,[47.2100934,52.1200636]],[192,[83.1273634,52.8055685]],[193,[133.3895855,45.4647008]],[194,[38.975152,45.0800725]],[195,[42.7924642,56.2971043]],[196,[108.0371257,51.9149529]],[197,[36.2453042,51.7486057]],[198,[45.3901816,50.0752671]],[199,[43.639202,47.9728182]],[200,[44.9841069,43.3076204]],[201,[131.773883,43.4593526]],[202,[30.2144709,60.1290046]],[203,[39.1587539,51.7038027]],[204,[44.6599963,43.0306037]],[205,[82.2051779,55.0209133]],[206,[37.5915171,55.8871396]],[81,[36.952098,55.5182783]],[207,[38.8270487,44.8906961]],[208,[107.6072377,51.8442151]],[209,[131.9836315,43.807644]],[210,[50.2269162,53.229949]],[211,[30.2924255,59.9274992]],[212,[113.5128163,52.024234]],[213,[135.2026958,48.4476506]],[214,[30.2793497,60.2203374]],[215,[81.443994,51.2938157]],[216,[39.8667263,47.2642132]],[217,[40.0974865,47.4108642]],[218,[30.473377,59.9375118]],[219,[43.4429619,56.2380392]],[220,[43.8640917,56.3496504]],[221,[30.3090942,60.3170695]],[222,[33.0196734,46.5004048]],[223,[32.9442098,46.6800765]],[224,[38.4532847,48.9279339]],[370,[33.1253584,46.6896675]],[371,[38.3229689,48.8972206]],[225,[38.31617,48.9195603]],[372,[38.3956064,48.8906747]],[226,[38.3136641,49.024273]],[227,[38.2862016,48.9882365]],[228,[37.5663638,47.8998107]],[229,[34.4542132,47.4747311]],[230,[34.3855494,47.431086]]],