{"frontline":[],"geos":[],"unit_count":{"ru":296,"ua":188},"units":{"ru":[[1,[42.0382563,55.5758458]],[2,[38.2237462,55.5701147]],[3,[29.0695849,58.2151586]],[4,[38.7194322,49.3760334]],[5,[38.2855082,50.2359813]],[6,[113.0234042,51.565291]],[7,[38.2294805,49.2210172]],[439,[38.2485473,49.1872314]],[8,[38.3213946,49.1213782]],[9,[37.3657634,55.9859528]],[10,[29.3700316,52.1742886]],[11,[37.2974623,47.7074952]],[12,[29.7410891,59.9142846]],[13,[37.954221,55.2310793]],[14,[91.413917,53.7130842]],[15,[136.9634643,50.5673149]],[445,[20.9327457,54.8826851]],[17,[35.844397,46.1097967]],[18,[35.0947313,47.3200798]],[19,[37.7822984,56.1785075]],[20,[38.6272315,49.0994731]],[21,[32.792895,46.5991599]],[22,[35.7133185,47.2679233]],[23,[55.9318516,54.7336869]],[24,[60.3745159,54.9847992]],[25,[37.5398621,47.8075833]],[26,[135.7152937,48.7327233]],[27,[41.4226361,52.6559177]],[28,[38.2197468,49.3454988]],[29,[37.2861954,53.7085335]],[30,[41.4363843,52.7048456]],[31,[61.9215929,56.4459805]],[32,[135.0736009,48.5591158]],[393,[38.0691399,49.5742352]],[34,[135.1740978,48.5240444]],[35,[60.692225,56.8541943]],[36,[113.0274968,51.5511766]],[37,[35.6368662,47.3570973]],[38,[131.9365962,43.8021929]],[39,[36.5036992,46.1225787]],[40,[38.0245388,49.4879815]],[41,[38.7074971,49.2358467]],[42,[60.2030169,55.487335]],[446,[131.6581449,44.3355329]],[44,[136.9672409,50.5819233]],[45,[37.8870139,49.8540426]],[46,[19.9771038,54.9491224]],[47,[33.1177498,46.720701]],[48,[113.4177157,52.0795486]],[49,[29.8520289,58.7530465]],[50,[38.0147857,49.5505019]],[51,[47.1906957,52.1154784]],[52,[60.3963169,54.9846022]],[52,[50.2700403,53.5076449]],[53,[60.4601388,56.838047]],[54,[38.440537,49.097693]],[55,[38.7965556,48.8767619]],[56,[35.616627,45.9832518]],[57,[39.1340168,51.6611925]],[58,[36.0520237,46.111682]],[59,[38.3945485,49.1965683]],[60,[128.457062,50.9249374]],[61,[37.3885205,47.7409272]],[62,[37.2445703,47.7207623]],[63,[38.042224,49.6681308]],[64,[37.9922684,55.8608128]],[65,[55.0904177,51.7653153]],[420,[37.3497929,47.7147793]],[66,[37.1596842,47.7315764]],[67,[82.8354218,55.0133694]],[68,[131.9459065,43.1112815]],[69,[37.081618,47.5424107]],[70,[60.659266,56.7997161]],[71,[20.0526264,54.8034621]],[73,[37.1893798,55.794106]],[74,[41.4205886,52.7379089]],[75,[36.0534065,45.9807216]],[76,[42.005469,55.5728858]],[77,[29.8000686,52.1791546]],[78,[73.3362263,54.9857104]],[79,[31.8980155,54.8078935]],[80,[128.1183079,51.3760928]],[81,[158.3607457,53.1937683]],[82,[60.5514626,56.8695841]],[83,[38.1808943,49.3897587]],[399,[38.0920164,48.5846127]],[500,[38.1621315,49.107247]],[413,[38.0790059,49.5295089]],[84,[37.9167818,48.1903498]],[85,[35.9655809,47.331617]],[86,[35.6303342,45.8460646]],[429,[131.491443,43.1936293]],[501,[36.8911195,47.7385889]],[89,[36.006009,47.1936411]],[90,[131.9493381,43.1436051]],[91,[38.2406586,49.1151942]],[421,[33.4766216,46.6961816]],[92,[50.145892,53.1908834]],[447,[38.2466672,49.157348]],[502,[37.5529913,47.8377883]],[94,[35.9007997,56.8539203]],[95,[33.1847879,46.7470803]],[96,[29.5841325,46.8766338]],[97,[39.2329116,51.6723023]],[98,[36.2586743,46.1176462]],[99,[35.8270728,45.8485455]],[100,[131.9067661,43.1305776]],[101,[38.305177,49.3646516]],[102,[131.9293865,43.8314247]],[103,[113.466811,52.0506332]],[104,[128.5305329,50.9036163]],[105,[107.5087589,51.8571464]],[106,[135.0914542,48.4913567]],[107,[113.4499882,52.0632993]],[108,[45.0873268,60.2072086]],[448,[38.0140173,48.4702968]],[110,[84.9085925,55.715675]],[111,[133.736485,45.9323812]],[112,[132.9256734,48.7901492]],[449,[41.3637484,56.8502181]],[114,[29.631511,46.8583242]],[450,[135.0337768,48.5227463]],[499,[38.2214179,49.2518698]],[451,[33.5532943,46.804248]],[400,[33.6060462,44.6452285]],[117,[38.094581,49.414084]],[118,[35.8455266,45.9817593]],[452,[142.7246047,46.961626]],[430,[38.1210042,50.2231152]],[453,[113.137038,51.9092455]],[122,[38.2700527,49.0909128]],[123,[37.7275792,47.9132404]],[124,[39.4927375,50.9871073]],[125,[21.7775468,54.602992]],[126,[37.2219152,47.7424951]],[127,[60.5926614,56.8316612]],[128,[113.0506985,51.5549404]],[398,[38.0007967,49.7820537]],[454,[68.7314859,38.5051603]],[131,[36.723661,55.3868547]],[132,[36.504599,45.9954947]],[133,[33.3260925,46.6226083]],[134,[38.2283579,48.1780511]],[135,[38.5107731,49.6075716]],[136,[37.8507561,48.0357957]],[137,[20.4906225,54.7315245]],[138,[128.5128519,50.9172543]],[503,[38.1893308,49.0675286]],[139,[43.0630298,56.336921]],[140,[36.3053506,47.3223638]],[141,[36.0856963,47.4897291]],[142,[131.9523891,43.8128469]],[431,[142.7441257,46.7612207]],[455,[142.7430958,46.7597508]],[456,[44.5094541,48.7436063]],[146,[36.8293575,47.6602607]],[147,[55.0942799,51.82666]],[148,[142.7321578,46.9925464]],[149,[32.5154181,46.4133851]],[457,[38.4549187,49.3163593]],[504,[38.1707909,49.0886691]],[458,[158.5966184,53.0561299]],[152,[142.7349044,46.9316254]],[459,[142.7426237,46.7577221]],[224,[32.9442098,46.6800765]],[505,[38.2104638,49.0918125]],[154,[119.8678725,51.3356442]],[155,[142.6916457,46.9789624]],[157,[37.7654191,48.068215]],[543,[37.8028147,48.026965]],[158,[37.7154111,47.8012194]],[160,[37.5751995,47.9756965]],[483,[37.8184866,48.1944165]],[161,[37.9792659,48.2737436]],[162,[37.8274867,48.1793936]],[506,[37.7187905,48.0406329]],[164,[37.856015,48.1559176]],[165,[37.8316329,48.0020267]],[544,[37.775349,47.9943481]],[167,[37.8367451,47.9756661]],[168,[37.6805591,47.9873726]],[169,[37.8388444,48.0791163]],[170,[38.2270885,48.0363663]],[507,[37.6268371,48.0434377]],[171,[38.2325265,47.9542971]],[508,[35.4267624,47.4758433]],[172,[38.2359884,47.8629967]],[493,[37.970875,48.3360948]],[173,[37.7326222,48.0826457]],[174,[37.686402,48.0739503]],[462,[37.4985486,47.73182]],[463,[38.3630947,48.6239005]],[464,[38.3242229,48.9587091]],[465,[38.1494605,48.66891]],[179,[38.507768,48.7821721]],[180,[38.3260639,49.0683266]],[422,[38.0555589,48.5806616]],[423,[38.2835918,48.9416714]],[466,[48.375908,53.1470429]],[467,[34.4073867,53.2632291]],[468,[39.6938805,54.6065092]],[469,[41.9355687,44.6408255]],[470,[39.8931308,59.2158705]],[471,[38.964715,45.0401613]],[188,[47.1520276,52.1029326]],[189,[49.6964109,52.968312]],[472,[33.5171709,44.5915038]],[191,[29.9529903,60.7145758]],[192,[47.2100934,52.1200636]],[193,[83.1273634,52.8055685]],[194,[133.3895855,45.4647008]],[195,[38.975152,45.0800725]],[196,[42.7924642,56.2971043]],[197,[108.0371257,51.9149529]],[198,[36.2453042,51.7486057]],[199,[45.3901816,50.0752671]],[200,[43.639202,47.9728182]],[201,[44.9841069,43.3076204]],[473,[131.773883,43.4593526]],[203,[30.2144709,60.1290046]],[204,[39.1587539,51.7038027]],[205,[44.6599963,43.0306037]],[206,[82.2051779,55.0209133]],[207,[37.5915171,55.8871396]],[82,[36.952098,55.5182783]],[208,[38.8270487,44.8906961]],[432,[107.6072377,51.8442151]],[210,[131.9836315,43.807644]],[211,[50.2269162,53.229949]],[433,[30.2924255,59.9274992]],[401,[43.9621618,56.2973035]],[213,[113.5128163,52.024234]],[214,[135.2026958,48.4476506]],[215,[30.2793497,60.2203374]],[216,[81.443994,51.2938157]],[217,[39.8667263,47.2642132]],[218,[40.0974865,47.4108642]],[219,[30.473377,59.9375118]],[220,[43.4429619,56.2380392]],[221,[43.8640917,56.3496504]],[222,[30.3090942,60.3170695]],[223,[35.6177495,46.1094929]],[225,[38.2369993,48.7285821]],[226,[33.1253584,46.6896675]],[227,[38.3229689,48.8972206]],[228,[38.3408893,48.9267791]],[229,[38.3956064,48.8906747]],[416,[37.5632676,47.9417972]],[230,[38.2539241,48.9618748]],[231,[38.2862016,48.9882365]],[232,[37.5663638,47.8998107]],[485,[37.2850144,47.7291786]],[233,[34.4542132,47.4747311]],[234,[34.3855494,47.431086]],[402,[29.8150687,52.3781891]],[474,[38.9072406,49.299109]],[404,[34.0761986,46.3442781]],[405,[38.0920928,47.7230382]],[406,[38.9089565,49.1647025]],[407,[33.6722611,46.3428024]],[411,[33.4735731,46.341413]],[408,[38.9070577,49.2319817]],[409,[33.8677681,46.3448652]],[410,[35.3761927,46.8497661]],[509,[38.1230682,49.2232624]],[510,[38.1343323,49.2008313]],[511,[38.135705,49.1792908]],[512,[38.1060951,49.2434356]],[513,