{"frontline":[],"geos":[],"unit_count":{"ru":397,"ua":241},"units":{"ru":[[1,[42.0382563,55.5758458]],[2,[38.2237462,55.5701147]],[525,[38.0004046,49.7007174]],[523,[38.0219969,49.8533214]],[3,[29.0695849,58.2151586]],[4,[38.6425129,49.318769]],[5,[38.1150537,49.8248468]],[6,[113.0234042,51.565291]],[7,[38.2294805,49.2210172]],[439,[38.5506726,49.1692762]],[8,[38.3213946,49.1213782]],[9,[37.3657634,55.9859528]],[10,[29.3700316,52.1742886]],[11,[37.2875062,47.7359048]],[630,[37.5751995,47.9756965]],[12,[29.7410891,59.9142846]],[13,[37.954221,55.2310793]],[14,[91.413917,53.7130842]],[516,[38.1895144,49.1021483]],[582,[27.5865453,53.7202336]],[753,[38.2995429,48.8296258]],[15,[136.9634643,50.5673149]],[445,[20.9327457,54.8826851]],[641,[40.6559201,43.1117585]],[642,[32.9064365,46.6158326]],[17,[33.1719805,46.5618684]],[18,[35.0947313,47.3200798]],[643,[32.8099099,46.4898983]],[583,[37.6637269,48.0725996]],[19,[37.7822984,56.1785075]],[614,[37.973141,49.9213869]],[21,[32.765424,46.5765085]],[22,[35.7133185,47.2679233]],[608,[38.0620565,50.1235026]],[23,[55.9318516,54.7336869]],[545,[29.0895681,52.0664101]],[24,[60.3745159,54.9847992]],[546,[29.3367611,52.0663948]],[25,[37.5151429,47.7845207]],[670,[37.8141243,48.0608017]],[26,[135.7152937,48.7327233]],[27,[41.4226361,52.6559177]],[28,[38.2939087,49.3275994]],[524,[37.9562709,49.748642]],[29,[37.2861954,53.7085335]],[30,[41.4363843,52.7048456]],[31,[61.9215929,56.4459805]],[32,[135.0736009,48.5591158]],[393,[38.1487651,50.1874902]],[34,[135.1740978,48.5240444]],[35,[60.692225,56.8541943]],[36,[113.0274968,51.5511766]],[37,[35.6368662,47.3570973]],[38,[131.9365962,43.8021929]],[39,[37.7484458,48.0078131]],[40,[35.8513187,47.409156]],[736,[37.7826891,48.0104698]],[41,[38.303748,49.2967811]],[42,[60.2030169,55.487335]],[446,[131.6581449,44.3355329]],[44,[136.9672409,50.5819233]],[45,[37.8127543,49.7816924]],[46,[19.9771038,54.9491224]],[47,[33.1177498,46.720701]],[48,[113.4177157,52.0795486]],[574,[38.0232058,49.812276]],[49,[29.8520289,58.7530465]],[50,[38.0147857,49.5505019]],[51,[47.1906957,52.1154784]],[52,[60.3963169,54.9846022]],[52,[50.2700403,53.5076449]],[53,[60.4601388,56.838047]],[54,[38.1906051,49.0004765]],[55,[38.7965556,48.8767619]],[56,[38.2407012,49.0941858]],[57,[39.1340168,51.6611925]],[682,[37.7897446,48.0830966]],[58,[33.4366493,46.7623378]],[59,[38.2132762,49.1440428]],[60,[128.457062,50.9249374]],[61,[37.3638013,47.7411581]],[62,[37.2559001,47.7385435]],[63,[38.0751795,49.685902]],[64,[37.9922684,55.8608128]],[65,[55.0904177,51.7653153]],[420,[37.3188933,47.7332558]],[66,[37.1596842,47.7315764]],[67,[82.8354218,55.0133694]],[660,[37.2839431,47.6883751]],[69,[37.081618,47.5424107]],[70,[60.659266,56.7997161]],[71,[20.0526264,54.8034621]],[73,[37.1893798,55.794106]],[74,[37.9312875,49.8222572]],[75,[35.8446973,46.1179822]],[76,[42.005469,55.5728858]],[77,[38.2376186,49.8178515]],[78,[73.3362263,54.9857104]],[79,[31.8980155,54.8078935]],[80,[128.1183079,51.3760928]],[521,[36.9613597,47.5413013]],[597,[37.9704995,48.659763]],[81,[158.3607457,53.1937683]],[82,[60.5514626,56.8695841]],[83,[38.2674107,49.4085268]],[563,[37.8028147,48.026965]],[644,[33.0194721,46.5958502]],[399,[38.0418948,48.6044783]],[564,[37.775349,47.9943481]],[500,[38.1326028,49.0487748]],[413,[36.8139039,47.7818063]],[84,[32.4657443,46.4587868]],[85,[36.3143863,47.5184095]],[529,[37.837576,48.2207562]],[86,[35.6084516,46.1133462]],[429,[131.491443,43.1936293]],[520,[36.5786656,47.5928419]],[501,[36.8911195,47.7385889]],[89,[36.006009,47.1936411]],[90,[131.9493381,43.1436051]],[542,[37.3654487,47.6809061]],[91,[38.2406586,49.1151942]],[421,[33.4766216,46.6961816]],[92,[50.145892,53.1908834]],[447,[38.2446051,49.0778029]],[502,[37.5626041,47.8433206]],[94,[35.9007997,56.8539203]],[609,[38.1746663,50.1241393]],[95,[32.5778299,46.4791777]],[517,[38.1801914,49.1137982]],[96,[29.5841325,46.8766338]],[97,[39.2329116,51.6723023]],[98,[33.6329918,46.7258789]],[584,[38.2947029,48.9373504]],[737,[37.8220858,48.1280968]],[645,[38.3773137,48.8360847]],[99,[38.2372685,49.1806527]],[100,[131.9067661,43.1305776]],[565,[35.4267624,47.4758433]],[101,[38.1042207,48.5864167]],[513,[38.1754463,49.2209345]],[102,[131.9293865,43.8314247]],[103,[113.466811,52.0506332]],[639,[37.5932169,47.9334047]],[104,[128.5305329,50.9036163]],[105,[107.5087589,51.8571464]],[528,[37.5695162,47.9140882]],[106,[135.0914542,48.4913567]],[107,[113.4499882,52.0632993]],[550,[38.2387713,49.0323551]],[108,[45.0873268,60.2072086]],[448,[38.0538553,48.6705972]],[110,[84.9085925,55.715675]],[111,[133.736485,45.9323812]],[112,[132.9256734,48.7901492]],[646,[33.1293354,46.6052858]],[605,[37.6367934,48.0471103]],[449,[41.3637484,56.8502181]],[114,[29.631511,46.8583242]],[514,[38.0364801,49.4308531]],[625,[37.7956992,48.2138772]],[450,[135.0337768,48.5227463]],[499,[38.2214179,49.2518698]],[451,[33.5532943,46.804248]],[400,[33.6060462,44.6452285]],[117,[36.7635038,47.5617447]],[567,[37.9022134,48.2813011]],[118,[37.7927968,48.1987877]],[452,[142.7246047,46.961626]],[598,[37.9411407,48.5428574]],[430,[37.7726618,49.8529826]],[453,[113.137038,51.9092455]],[607,[37.6217462,47.8671221]],[122,[38.3445538,49.0556014]],[526,[38.0467576,49.8847193]],[123,[37.6733342,47.9150813]],[124,[39.4927375,50.9871073]],[125,[21.7775468,54.602992]],[126,[37.2535045,47.6389657]],[747,[37.7277059,47.8752099]],[568,[36.4416862,47.356956]],[754,[38.2097853,49.019413]],[744,[36.2055379,47.5365319]],[127,[60.5926614,56.8316612]],[128,[113.0506985,51.5549404]],[398,[38.1134288,49.7572049]],[454,[68.7314859,38.5051603]],[131,[36.723661,55.3868547]],[132,[33.3321907,46.7272585]],[600,[38.0244958,48.5595274]],[748,[38.2008694,47.78091]],[133,[33.3260925,46.6226083]],[518,[38.2039584,49.042218]],[134,[38.2283579,48.1780511]],[551,[38.1577539,49.1456721]],[135,[38.340485,49.6075716]],[509,[38.1230682,49.2232624]],[552,[38.1598142,49.1263544]],[136,[37.8507561,48.0357957]],[519,[38.1940834,49.0905318]],[137,[20.4906225,54.7315245]],[510,[38.1343323,49.2008313]],[628,[32.6307657,46.517885]],[511,[38.135705,49.1792908]],[138,[128.5128519,50.9172543]],[503,[38.1893308,49.0675286]],[683,[37.7622697,48.0812629]],[684,[36.0710878,46.1134254]],[610,[38.2900224,50.1259012]],[548,[29.7651413,52.0630638]],[611,[38.3998862,50.1223787]],[623,[37.4243929,47.72413]],[139,[43.0630298,56.336921]],[140,[36.3053506,47.3223638]],[141,[35.816533,47.4579369]],[142,[131.9523891,43.8128469]],[431,[142.7441257,46.7612207]],[455,[142.7430958,46.7597508]],[553,[37.9890053,48.5513995]],[456,[44.5094541,48.7436063]],[146,[36.8087583,47.6611857]],[755,[35.8398357,45.8832218]],[647,[38.3022464,48.8779864]],[527,[37.6577771,47.9071025]],[147,[55.0942799,51.82666]],[515,[36.688592,47.6944642]],[547,[29.5619048,52.0663979]],[522,[35.3751561,47.4904276]],[148,[142.7321578,46.9925464]],[149,[32.3863287,46.414332]],[457,[38.4549187,49.3163593]],[504,[38.1175757,49.073378]],[530,[35.6274712,47.4693649]],[458,[158.5966184,53.0561299]],[152,[142.7349044,46.9316254]],[459,[142.7426237,46.7577221]],[512,[38.1115889,49.3160071]],[224,[32.9442098,46.6800765]],[505,[38.3189539,49.0776463]],[756,[36.7597326,47.6293472]],[685,[37.6556882,47.9343211]],[757,[38.1168862,48.6263709]],[749,[37.6333655,47.8951115]],[648,[32.9151258,46.5385125]],[599,[38.0726328,48.5217141]],[154,[119.8678725,51.3356442]],[155,[142.6916457,46.9789624]],[745,[35.8534483,47.4638]],[157,[37.7654191,48.068215]],[158,[37.7154111,47.8012194]],[483,[37.8184866,48.1944165]],[161,[37.9662198,48.3198816]],[672,[37.8209997,48.1055046]],[758,[37.7327603,47.9440654]],[167,[37.6307521,47.9687707]],[168,[37.6805591,47.9873726]],[169,[37.8388444,48.0791163]],[170,[38.2270885,48.0363663]],[171,[37.3495345,47.7279826]],[415,[37.7402685,47.9702873]],[172,[35.5081318,47.4732201]],[173,[37.7353541,48.0853902]],[174,[37.686402,48.0739503]],[462,[37.4985486,47.73182]],[463,[38.2628451,49.0163477]],[464,[38.1676583,49.0434051]],[179,[38.30454,48.9235927]],[686,[38.2625408,48.788819]],[422,